{
  "main": {
    "id": "980b4ca1bd2224d4",
    "type": "split",
    "children": [
      {
        "id": "179ed64a1555d7d1",
        "type": "tabs",
        "children": [
          {
            "id": "8f5f47c9dc43e040",
            "type": "leaf",
            "state": {
              "type": "markdown",
              "state": {
                "file": "ZEKA/ZETTEL/cats_in_space.md",
                "mode": "source",
                "source": false,
                "backlinks": true,
                "backlinkOpts": {
                  "collapseAll": false,
                  "extraContext": false,
                  "sortOrder": "alphabetical",
                  "showSearch": false,
                  "searchQuery": "",
                  "backlinkCollapsed": false,
                  "unlinkedCollapsed": true
                }
              },
              "icon": "lucide-file",
              "title": "cats_in_space"
            }
          },
          {
            "id": "5655cb784d375703",
            "type": "leaf",
            "state": {
              "type": "markdown",
              "state": {
                "file": "ZEKA/ZETTEL/cats_in_space.md",
                "mode": "source",
                "source": false,
                "backlinks": true,
                "backlinkOpts": {
                  "collapseAll": false,
                  "extraContext": false,
                  "sortOrder": "alphabetical",
                  "showSearch": false,
                  "searchQuery": "",
                  "backlinkCollapsed": false,
                  "unlinkedCollapsed": true
                }
              },
              "icon": "lucide-file",
              "title": "cats_in_space"
            }
          },
          {
            "id": "6862ffc96d1d402e",
            "type": "leaf",
            "state": {
              "type": "markdown",
              "state": {
                "file": "ZEKA/ZETTEL/cats.md",
                "mode": "source",
                "source": false,
                "backlinks": true,
                "backlinkOpts": {
                  "collapseAll": false,
                  "extraContext": false,
                  "sortOrder": "alphabetical",
                  "showSearch": false,
                  "searchQuery": "",
                  "backlinkCollapsed": false,
                  "unlinkedCollapsed": true
                }
              },
              "icon": "lucide-file",
              "title": "cats"
            }
          },
          {
            "id": "20e363cbd9d999a3",
            "type": "leaf",
            "state": {
              "type": "markdown",
              "state": {
                "file": "Untitled.md",
                "mode": "source",
                "source": false,
                "backlinks": true,
                "backlinkOpts": {
                  "collapseAll": false,
                  "extraContext": false,
                  "sortOrder": "alphabetical",
                  "showSearch": false,
                  "searchQuery": "",
                  "backlinkCollapsed": false,
                  "unlinkedCollapsed": true
                }
              },
              "icon": "lucide-file",
              "title": "Untitled"
            }
          }
        ],
        "currentTab": 1
      }
    ],
    "direction": "vertical"
  },
  "left": {
    "id": "1fbf2b776a82ef8b",
    "type": "split",
    "children": [
      {
        "id": "6dddfbf5f73393da",
        "type": "tabs",
        "children": [
          {
            "id": "c3e685058b9be3d5",
            "type": "leaf",
            "state": {
              "type": "file-explorer",
              "state": {
                "sortOrder": "alphabetical",
                "autoReveal": false
              },
              "icon": "lucide-folder-closed",
              "title": "Files"
            }
          },
          {
            "id": "b5dce8978dfcfe35",
            "type": "leaf",
            "state": {
              "type": "search",
              "state": {
                "query": "",
                "matchingCase": false,
                "explainSearch": false,
                "collapseAll": false,
                "extraContext": false,
                "sortOrder": "alphabetical"
              },
              "icon": "lucide-search",
              "title": "Search"
            }
          },
          {
            "id": "95135116a48056f7",
            "type": "leaf",
            "state": {
              "type": "bookmarks",
              "state": {},
              "icon": "lucide-bookmark",
              "title": "Bookmarks"
            }
          }
        ]
      }
    ],
    "direction": "horizontal",
    "width": 300
  },
  "right": {
    "id": "70c535e10d704be4",
    "type": "split",
    "children": [
      {
        "id": "4f08e941b8aad20d",
        "type": "tabs",
        "children": [
          {
            "id": "f6ce22d1b4f04c35",
            "type": "leaf",
            "state": {
              "type": "backlink",
              "state": {
                "file": "2025_paper_cats_gravity_v1.md",
                "collapseAll": false,
                "extraContext": false,
                "sortOrder": "alphabetical",
                "showSearch": false,
                "searchQuery": "",
                "backlinkCollapsed": false,
                "unlinkedCollapsed": true
              },
              "icon": "links-coming-in",
              "title": "Backlinks for 2025_paper_cats_gravity_v1"
            }
          },
          {
            "id": "cdcf01703562f764",
            "type": "leaf",
            "state": {
              "type": "outgoing-link",
              "state": {
                "file": "Publication Idea Collection.md",
                "linksCollapsed": false,
                "unlinkedCollapsed": true
              },
              "icon": "links-going-out",
              "title": "Outgoing links from Publication Idea Collection"
            }
          },
          {
            "id": "682ffd43b7170879",
            "type": "leaf",
            "state": {
              "type": "tag",
              "state": {
                "sortOrder": "frequency",
                "useHierarchy": true,
                "showSearch": false,
                "searchQuery": ""
              },
              "icon": "lucide-tags",
              "title": "Tags"
            }
          },
          {
            "id": "40b66a694eb1ccf0",
            "type": "leaf",
            "state": {
              "type": "outline",
              "state": {
                "file": "Publication Idea Collection.md",
                "followCursor": false,
                "showSearch": false,
                "searchQuery": ""
              },
              "icon": "lucide-list",
              "title": "Outline of Publication Idea Collection"
            }
          }
        ]
      }
    ],
    "direction": "horizontal",
    "width": 300,
    "collapsed": true
  },
  "left-ribbon": {
    "hiddenItems": {
      "switcher:Open quick switcher": false,
      "graph:Open graph view": false,
      "canvas:Create new canvas": false,
      "daily-notes:Open today's daily note": false,
      "templates:Insert template": false,
      "command-palette:Open command palette": false,
      "templater-obsidian:Templater": false
    }
  },
  "active": "5655cb784d375703",
  "lastOpenFiles": [
    "BACKEND/TEMPLATES/Template_Daily_Note.md",
    "New_Note.md",
    "ZEKA/ZETTEL/cats_in_space.md",
    "ZEKA/ZETTEL/cats.md",
    "Untitled.md",
    "BACKEND/TEMPLATES/Zotero_Template.md",
    "BACKEND/TEMPLATES/Zettel_Template.md",
    "BACKEND/DAILY NOTES/2025-05-05.md",
    "2025_paper_cats_gravity_v1.md",
    "Publication Idea Collection.md",
    "ZEKA/ZETTEL/cats_manipulate_gravity.md",
    "ZEKA/ZETTEL/picture_acient_cat_flys.md",
    "ZEKA/SOURCE_NOTES/z.Toth2025.md",
    "ZEKA/ZETTEL/flying_cats_acient_mythology_and_modern_aera.md",
    "ZEKA/ZETTEL/MOFEGD_theoretical_model_cats_flying.md",
    "BACKEND/CHANGELOG.md",
    "BACKEND/ATTACHMENT/z.Toth2025/image-2-x50-y439.png",
    "BACKEND/ATTACHMENT/z.Toth2025",
    "ZEKA/ZETTEL/picture_cats_in_space.md",
    "Feline gravity manipulation.md",
    "BACKEND/ATTACHMENT/ChatGPT Image 9. Apr. 2025, 19_24_48.png",
    "ZEKA/ZETTEL",
    "ZEKA/SOURCE_NOTES",
    "ZEKA",
    "BACKEND/TEMPLATES",
    "BACKEND/DAILY NOTES",
    "BACKEND/ATTACHMENT",
    "Markdown Syntax.md",
    "BACKEND",
    "Welcome.md"
  ]
}