{
  "main": {
    "id": "980b4ca1bd2224d4",
    "type": "split",
    "children": [
      {
        "id": "49270584fa724aa6",
        "type": "tabs",
        "children": [
          {
            "id": "a12ce5e7ba9d5529",
            "type": "leaf",
            "state": {
              "type": "empty",
              "state": {},
              "icon": "lucide-file",
              "title": "New tab"
            }
          }
        ]
      }
    ],
    "direction": "vertical"
  },
  "left": {
    "id": "1fbf2b776a82ef8b",
    "type": "split",
    "children": [
      {
        "id": "6dddfbf5f73393da",
        "type": "tabs",
        "children": [
          {
            "id": "c3e685058b9be3d5",
            "type": "leaf",
            "state": {
              "type": "file-explorer",
              "state": {
                "sortOrder": "alphabetical",
                "autoReveal": false
              },
              "icon": "lucide-folder-closed",
              "title": "Files"
            }
          },
          {
            "id": "b5dce8978dfcfe35",
            "type": "leaf",
            "state": {
              "type": "search",
              "state": {
                "query": "",
                "matchingCase": false,
                "explainSearch": false,
                "collapseAll": false,
                "extraContext": false,
                "sortOrder": "alphabetical"
              },
              "icon": "lucide-search",
              "title": "Search"
            }
          },
          {
            "id": "95135116a48056f7",
            "type": "leaf",
            "state": {
              "type": "bookmarks",
              "state": {},
              "icon": "lucide-bookmark",
              "title": "Bookmarks"
            }
          }
        ]
      }
    ],
    "direction": "horizontal",
    "width": 280.5
  },
  "right": {
    "id": "70c535e10d704be4",
    "type": "split",
    "children": [
      {
        "id": "4f08e941b8aad20d",
        "type": "tabs",
        "children": [
          {
            "id": "f6ce22d1b4f04c35",
            "type": "leaf",
            "state": {
              "type": "backlink",
              "state": {
                "file": "BACKEND/CHANGELOG.md",
                "collapseAll": false,
                "extraContext": false,
                "sortOrder": "alphabetical",
                "showSearch": false,
                "searchQuery": "",
                "backlinkCollapsed": false,
                "unlinkedCollapsed": true
              },
              "icon": "links-coming-in",
              "title": "Backlinks for CHANGELOG"
            }
          },
          {
            "id": "cdcf01703562f764",
            "type": "leaf",
            "state": {
              "type": "outgoing-link",
              "state": {
                "file": "Publication Idea Collection.md",
                "linksCollapsed": false,
                "unlinkedCollapsed": true
              },
              "icon": "links-going-out",
              "title": "Outgoing links from Publication Idea Collection"
            }
          },
          {
            "id": "682ffd43b7170879",
            "type": "leaf",
            "state": {
              "type": "tag",
              "state": {
                "sortOrder": "frequency",
                "useHierarchy": true,
                "showSearch": false,
                "searchQuery": ""
              },
              "icon": "lucide-tags",
              "title": "Tags"
            }
          },
          {
            "id": "40b66a694eb1ccf0",
            "type": "leaf",
            "state": {
              "type": "outline",
              "state": {
                "file": "Publication Idea Collection.md",
                "followCursor": false,
                "showSearch": false,
                "searchQuery": ""
              },
              "icon": "lucide-list",
              "title": "Outline of Publication Idea Collection"
            }
          }
        ]
      }
    ],
    "direction": "horizontal",
    "width": 300,
    "collapsed": true
  },
  "left-ribbon": {
    "hiddenItems": {
      "switcher:Open quick switcher": false,
      "graph:Open graph view": false,
      "canvas:Create new canvas": false,
      "daily-notes:Open today's daily note": false,
      "templates:Insert template": false,
      "command-palette:Open command palette": false,
      "templater-obsidian:Templater": false
    }
  },
  "active": "a12ce5e7ba9d5529",
  "lastOpenFiles": [
    "BACKEND/DAILY NOTES/2025-05-05.md",
    "Feline gravity manipulation.md",
    "Publication Idea Collection.md",
    "BACKEND/CHANGELOG.md",
    "Untitled.md",
    "BACKEND/TEMPLATES/Template_Daily_Note.md",
    "BACKEND/TEMPLATES",
    "BACKEND/DAILY NOTES",
    "BACKEND/ATTACHMENT",
    "Markdown Syntax.md",
    "BACKEND",
    "Welcome.md"
  ]
}